Date	Confirmed	Recovered	Deaths	Increase rate	New	Daily Deaths
2020-01-22	557	30	17	NaN	NaN	NaN
2020-01-23	657	32	18	17.953321364452425	100.0	1.0
2020-01-25	1437	42	42	52.22457627118644	493.0	16.0
2020-02-02	16787	476	362	39.45007476324971	4749.0	103.0
2020-02-03	19887	627	426	18.466670637993683	3100.0	64.0
2020-02-09	40162	3247	906	8.162990493118958	3031.0	100.0
2020-02-11	44814	4684	1113	4.77660096794557	2043.0	100.0
2020-02-20	76216	18181	2248	0.7415240235278567	561.0	125.0
2020-02-27	82730	33282	2814	1.6526386926337775	1345.0	43.0
2020-03-02	90393	45605	3086	2.2429589412962336	1983.0	89.0
2020-03-03	93004	48227	3160	2.8884980031639618	2611.0	74.0
2020-03-04	95329	51170	3255	2.499892477742893	2325.0	95.0
2020-03-06	101976	55864	3461	4.008322624074414	3930.0	113.0
2020-03-18	216348	83317	8907	8.886663210714124	17657.0	918.0
2020-03-25	475998	113753	22022	12.03037071382004	51115.0	2821.0
2020-04-07	1393878	299859	88306	5.20635912624283	68979.0	8349.0
2020-04-10	1649186	375733	110565	5.538380216569257	86545.0	7562.0
2020-04-15	2077371	510236	144551	3.891510023715241	77813.0	8362.0
2020-04-25	2898734	816531	212567	2.9662616904427246	83507.0	5950.0
2020-04-29	3193728	948516	235484	2.481850760368427	77344.0	6960.0
2020-05-05	3676149	1195532	267419	2.2143411251463223	79639.0	6238.0
2020-05-06	3766683	1241651	274166	2.462740220812595	90534.0	6747.0
2020-05-07	3855364	1281176	279841	2.354352622718716	88681.0	5675.0
2020-05-08	3945797	1317589	285765	2.345641034153973	90433.0	5924.0
2020-05-13	4351290	1544638	309590	1.97642019828182	84333.0	5453.0
2020-05-14	4446959	1584349	315235	2.198635347218871	95669.0	5645.0
2020-05-19	4900710	1834839	338357	1.994069800039418	95813.0	5131.0
2020-05-22	5219114	2053576	354391	2.097940675330163	107244.0	5690.0
2020-05-27	5700330	2346145	373744	1.831539653764226	102526.0	5360.0
2020-06-01	6280296	2692032	395023	1.6219095572034	100235.0	3636.0
2020-06-10	7393421	3454835	438638	1.889724194034505	137124.0	5436.0
2020-06-12	7656733	3620434	448457	1.6930214001081911	127472.0	4732.0
2020-06-15	8047366	3857420	460508	1.5755164533618933	124821.0	3986.0
2020-06-17	8334714	4074114	473117	1.7472935328861343	143131.0	5479.0
2020-06-22	9079532	4526440	497614	1.5905446104501106	142153.0	3794.0
2020-07-05	11470135	6178369	560995	1.6481607748352247	185981.0	3799.0
2020-07-06	11637923	6302068	565214	1.462824979828049	167788.0	4219.0
2020-07-07	11847615	6447101	571595	1.801799169834686	209692.0	6381.0
2020-07-10	12520121	6879221	588771	1.897870184181876	233190.0	5742.0
2020-07-14	13341228	7399324	608526	1.6863595350540983	221250.0	5987.0
2020-07-17	14052932	7895036	627582	1.719151001084006	237508.0	6994.0
2020-07-21	14951217	8467705	649249	1.6535614502871938	243206.0	6356.0
2020-07-27	16485974	9586463	685422	1.440411816971329	234094.0	5277.0
2020-07-30	17302404	10173026	705765	1.6551447071437246	281717.0	6746.0
2020-08-01	17836466	10553543	718356	1.400335244536074	246321.0	6002.0
2020-08-03	18273134	10914712	727807	1.1394585732815674	205869.0	4799.0
2020-08-09	19881837	12119939	767106	1.1864593879507528	233124.0	5169.0
2020-08-14	21253368	13277021	799421	1.4666409308473345	307205.0	6581.0
2020-08-17	21925213	13889591	814842	0.9797682724512228	212732.0	4617.0
2020-08-18	22184889	14117186	821893	1.184371618191349	259676.0	7051.0
2020-08-20	22733750	14542973	834739	1.2089874604808035	271565.0	6437.0
2020-08-31	25532930	16823417	895016	1.0455370620833586	264194.0	4416.0
2020-09-02	26081699	17300616	907908	1.0919506281711269	281723.0	6294.0
2020-09-03	26367170	17521985	914006	1.0945260889637596	285471.0	6098.0
2020-09-04	26668499	17735486	919857	1.1428188918264646	301329.0	5851.0
2020-09-10	28224541	19004538	956075	1.0899916845190256	304328.0	6000.0
2020-09-11	28540587	19228208	962068	1.1197560307535204	316046.0	5993.0
2020-09-15	29625452	20093776	982216	0.9567968411858462	280769.0	6573.0
2020-09-17	30245688	20543464	993715	1.0541433077200568	315507.0	5639.0
2020-09-20	31120345	21268675	1008828	0.8257609555273255	254875.0	3956.0
2020-09-21	31379958	21514153	1013231	0.8342227568492573	259613.0	4403.0
2020-09-23	31976037	21996959	1025913	0.9837376136290747	311496.0	6525.0
2020-09-24	32296990	22252629	1031593	1.003729761758782	320953.0	5680.0
2020-09-29	33704894	23431685	1057046	0.8459175451504196	282724.0	6095.0
2020-10-07	36210456	25276775	1105467	0.972713868933714	348831.0	5891.0
2020-02-04	23899	857	492	20.173983003972445	4012.0	66.0
2020-10-08	36569609	25496281	1111833	0.991848873706534	359153.0	6366.0
2020-10-09	36929540	25703071	1118024	0.9842352976757284	359931.0	6191.0
2020-10-14	38562868	26725965	1142654	0.9954196902693514	380079.0	6191.0
2020-10-23	42259529	28594827	1195788	1.181158335576774	493325.0	7093.0
2020-11-07	50018687	32805330	1304068	1.215301484225175	600579.0	7750.0
2020-11-09	51015418	33315623	1317391	1.004498984469114	507353.0	7233.0
2020-11-10	51584111	33572983	1327237	1.1147473103131291	568693.0	9846.0
2020-11-22	58755072	37520305	1442824	0.8553910208755384	498323.0	7471.0
2020-11-28	62388284	39849315	1507860	0.98406408538537	607958.0	9466.0
2020-11-30	63386344	40569854	1523873	0.7981466446847562	501910.0	8701.0
2020-12-10	70543194	44950193	1638408	2.167681639873751	1496708.0	12492.0
2020-12-18	75819294	42751919	1733005	0.9618873182938756	722348.0	13012.0
2020-12-20	77003179	43380334	1752546	0.7165385044946562	547832.0	8235.0
2021-01-02	84921890	47614296	1897496	0.6885857551183598	580761.0	8419.0
2021-01-04	85998532	48173186	1914530	0.6512221830091891	556418.0	9396.0
2021-01-06	87531297	48801672	1944927	0.912021100986984	791089.0	14996.0
2021-01-08	89238832	49422866	1975521	0.9464658184277358	836696.0	15539.0
2021-01-18	95896595	52668557	2104872	0.5416830948244065	516657.0	9619.0
2021-01-19	96489830	53071501	2120725	0.6186194619318861	593235.0	15853.0
2021-01-20	97176788	53399272	2138868	0.7119486063971716	686958.0	18143.0
2021-01-28	101808776	56075030	2258177	0.6077856499713149	615041.0	16562.0
2021-01-31	103310123	57079202	2296527	0.3853769725372715	396605.0	9098.0
2021-02-01	103752688	57351844	2306150	0.4283849318425455	442565.0	9623.0
2021-02-05	105752476	58607157	2367926	0.5104069840542143	537027.0	17301.0
2021-02-12	108602636	60616583	2452310	0.3981874813728211	430727.0	12995.0
2021-02-13	108983366	60862826	2463034	0.3505716012270641	380730.0	10724.0
2021-02-16	109931831	61582275	2488491	0.3280223582562651	359422.0	11327.0
2021-02-19	111139580	62347470	2523693	0.370217043964019	409940.0	11692.0
2021-02-22	112129135	63016513	2546356	0.2634724055859623	294653.0	7013.0
2021-03-07	117327861	66084362	2671692	0.3197053117135767	373908.0	5937.0
2021-03-09	118046564	66621153	2689280	0.3521523706422892	414245.0	10563.0
2021-03-16	121126545	68452266	2752081	0.3867224317707604	466619.0	10627.0
2021-03-19	122784013	69264939	2784225	0.4608184644713125	563216.0	10826.0
2021-03-28	127649180	72097106	2873284	0.3869037573364699	491976.0	7250.0
2021-04-04	131799592	74498476	2946314	0.4261977588902624	559343.0	7382.0
2021-04-08	134401976	76094849	2996720	0.6261768606784954	836357.0	14335.0
2021-04-11	136529367	77464028	3033212	0.5216607292004513	708524.0	9088.0
2021-04-13	137906430	78345222	3056919	0.5573277684775702	764331.0	13821.0
2021-04-14	138719032	78792112	3071018	0.589241560382645	812602.0	14099.0
2021-04-18	141893297	80839358	3119780	0.4956589384215029	699838.0	9111.0
2021-04-21	144311955	82491870	3159936	0.6199909139935801	889208.0	14734.0
2021-04-22	145211836	83128166	3173812	0.623566495235963	899881.0	13876.0
2021-04-25	147672696	84878103	3212951	0.4959230480010111	728729.0	10750.0
2021-04-29	150993610	87550354	3271268	0.5962927711316236	895027.0	15733.0
2021-05-04	154842345	90912803	3334777	0.5099778529578949	785655.0	14118.0
2021-05-08	158181221	93709031	3392088	0.501259026189328	788943.0	13305.0
2021-05-13	161684855	97089180	3455377	0.4568543372752517	735305.0	13464.0
2021-05-24	167822262	104247871	3586314	0.2692781146035395	450695.0	9120.0
2021-05-26	168925182	105380747	3612081	0.3377277854781988	568587.0	12805.0
2021-06-23	180096920	117507151	3892588	0.2209539766713014	397054.0	9379.0
2021-06-29	182313066	119299679	3938757	0.2096540228497584	381427.0	8141.0
2021-07-01	183148177	120008476	3956503	0.2384571572191295	435691.0	8547.0
2021-07-13	188332239	123783322	4050711	0.2800593398718797	525969.0	8383.0
2021-07-16	190042655	124784824	4076686	0.3146110248936329	596020.0	8743.0
2021-07-18	190954486	125382096	4090742	0.2211231741781784	421313.0	6539.0
2021-07-21	192529117	126315580	4127267	0.2895063419795025	555775.0	8660.0
2021-07-23	193822688	126918098	4144358	0.3771247092245997	728207.0	8319.0
2021-07-25	194702066	127762741	4160384	0.2297342029345081	446272.0	7332.0
2021-07-28	196496923	128745703	4188793	0.3319041574408589	650024.0	10153.0
2021-07-30	197872571	129401282	4208607	0.371611590335184	732595.0	9551.0
2021-08-03	200077681	130582001	4243256	0.3181457798896398	634520.0	10404.0
2021-08-06	202263081	0	4275153	0.4069173325448637	819708.0	10447.0
2021-08-10	204556461	0	4311606	0.3167314313195234	645849.0	11591.0
2021-08-17	209159680	0	4379748	0.3272036017079903	682146.0	10769.0
2020-02-08	37131	2617	806	7.938953488372093	2731.0	87.0
2020-02-10	42771	3949	1013	6.496190428763509	2609.0	107.0
2020-02-12	45232	5151	1118	0.932744231713304	418.0	5.0
2020-02-14	66912	8061	1523	10.81081081081081	6528.0	152.0
2020-02-16	71238	10867	1770	3.1612482803562383	2183.0	104.0
2020-02-18	75155	14352	2008	2.568476792270004	1882.0	140.0
2020-02-21	76846	18894	2252	0.8265980896399705	630.0	4.0
2020-02-23	78990	23397	2470	0.4859556279259108	382.0	11.0
2020-02-24	79558	25229	2630	0.7190783643499177	568.0	160.0
2020-02-26	81385	30388	2771	1.2100184052131524	973.0	61.0
2020-02-28	84154	36714	2873	1.7212619364196786	1424.0	59.0
2020-02-29	86030	39785	2943	2.229246381633672	1876.0	70.0
2020-03-09	114299	62495	3997	3.934637907831085	4327.0	190.0
2020-03-10	119108	64402	4273	4.207385891390126	4809.0	276.0
2020-03-12	133383	68328	4930	5.334523170230913	6755.0	312.0
2020-03-13	146673	70255	5420	9.963788488787928	13290.0	490.0
2020-03-15	168876	76031	6496	7.143265003140524	11259.0	653.0
2020-04-05	1250388	259888	74091	6.112293070980674	72025.0	5310.0
2020-04-09	1562641	353995	103003	5.878953163377657	86766.0	7871.0
2020-04-21	2566638	679932	185709	3.062723737283491	76273.0	7387.0
2020-04-22	2648575	710017	192772	3.1923863045743106	81937.0	7063.0
2020-04-28	3116384	906439	228524	2.4948298453426507	75856.0	6794.0
2020-05-01	3366610	1051789	247086	2.716678123328601	89041.0	5540.0
2020-05-10	4105624	1404839	294434	1.8671482104252928	75253.0	4052.0
2020-05-18	4804897	1782787	333226	1.8887029194654852	89068.0	4132.0
2020-05-20	5006099	1893809	343748	2.1504843175784734	105389.0	5391.0
2020-05-26	5597804	2282818	368384	1.6867734263793228	92856.0	4622.0
2020-05-29	5941625	2490273	383955	2.0898643383714246	121630.0	5161.0
2020-05-30	6077041	2560723	388246	2.2791071466139314	135416.0	4291.0
2020-06-04	6652817	2945305	411408	2.12000389887186	138112.0	5432.0
2020-06-05	6786463	3014470	416538	2.0088633130897784	133646.0	5130.0
2020-06-06	6915945	3086674	420638	1.907945272817372	129482.0	4100.0
2020-06-20	8844374	4366121	489232	2.1465577118660315	185860.0	4438.0
2020-06-21	8937379	4434807	493820	1.0515724459413407	93005.0	4588.0
2020-06-24	9419320	4746246	508663	1.8535879813605287	171418.0	5472.0
2020-06-26	9791221	4945110	518822	2.005039816593015	192459.0	5076.0
2020-06-27	9967566	5051396	523516	1.8010521874646686	176345.0	4694.0
2020-07-03	11094487	5863246	552434	1.8591275001971632	202496.0	5239.0
2020-07-04	11284154	6059006	557196	1.7095607935725194	189667.0	4762.0
2020-07-13	13119978	7257072	602539	1.5022827220853554	194182.0	4378.0
2020-07-16	13815424	7711615	620588	1.805006692469741	244948.0	6165.0
2020-07-20	14708011	8293009	642893	1.434236829317645	207965.0	3922.0
2020-07-23	15506179	8823667	663262	1.8376472084091997	279807.0	6640.0
2020-07-26	16251880	9415080	680145	1.3217182823959135	212002.0	4353.0
2020-08-04	18538734	11138369	734978	1.4534999852789343	265600.0	7171.0
2020-08-15	21502515	13445625	805439	1.1722706725823409	249147.0	6018.0
2020-08-19	22462185	14335183	828302	1.249931879307577	277296.0	6409.0
2020-08-21	22995385	14711467	840476	1.150866003189091	261635.0	5737.0
2020-08-22	23259276	14921384	846274	1.1475824388241378	263891.0	5798.0
2020-08-23	23461927	15137915	850586	0.8712695958378067	202651.0	4312.0
2020-08-25	23935409	15568885	861970	1.036395782031557	245521.0	6565.0
2020-08-26	24216938	15794619	868511	1.1762030053465975	281529.0	6541.0
2020-09-06	27171440	18148265	929078	0.8493799502238	228845.0	4116.0
2020-09-08	27635123	18547610	943817	0.8998650609511337	246461.0	5133.0
2020-09-09	27920213	18787877	950075	1.0316219688980577	285090.0	6258.0
2020-09-12	28829539	19451142	967111	1.0124248670848992	288952.0	5043.0
2020-09-13	29077878	19638990	971055	0.8614046863531186	248339.0	3944.0
2020-09-16	29930181	20323253	988076	1.028605403218827	304729.0	5860.0
2020-09-18	30572221	20794613	999566	1.079601826217344	326533.0	5851.0
2020-09-22	31664541	21733546	1019388	0.906894139246458	284583.0	6157.0
2020-09-25	32627024	22491837	1037605	1.0218723168939272	330034.0	6012.0
2020-09-28	33422170	23190401	1050951	0.7914236711655365	262434.0	4073.0
2020-09-30	34029080	23679903	1063488	0.9618365807647994	324186.0	6442.0
2020-10-01	34348139	23901445	1072373	0.9376068938684208	319059.0	8885.0
2021-08-18	209895653	0	4390561	0.3518713549380071	735973.0	10813.0
2021-08-21	211958726	0	4421394	0.2676807431365187	565858.0	8907.0
2021-08-24	213760144	0	4450069	0.317525685664265	676595.0	11040.0
2021-08-29	217005390	0	4498545	0.2096463029991614	453992.0	6738.0
2021-09-03	220400668	0	4551613	0.3296296319731425	724119.0	10700.0
2021-09-09	223755136	0	4605142	0.2868150520694223	639928.0	10713.0
2021-09-23	231148056	0	4726946	0.2375165601445638	547714.0	9852.0
2021-10-01	234862666	0	4790395	0.2228501424922659	522228.0	8624.0
2021-10-02	235219823	0	4796358	0.1520705721700357	357157.0	5963.0
2021-10-11	238880802	0	4856064	0.1570869412418481	374662.0	5735.0
2021-10-16	241039445	0	4893557	0.1457459662275476	350794.0	5359.0
2021-10-17	241359592	0	4897845	0.1328193400047033	320147.0	4288.0
2021-11-01	247862939	0	5004550	0.1702008372546899	421148.0	6227.0
2021-11-05	249835638	0	5036379	0.2102924674249193	524283.0	8630.0
2021-11-07	250633834	0	5047630	0.1441461491612711	360759.0	4500.0
2021-11-14	254087547	0	5098387	0.1491858494964442	378498.0	4637.0
2021-11-16	255119474	0	5112782	0.1985232501310238	505468.0	7691.0
2021-11-19	256975937	0	5138374	0.2403426793191186	616142.0	8007.0
2021-11-23	259088786	0	5164266	0.2283552982133269	590295.0	8040.0
2021-11-24	259749821	0	5172889	0.2551384064920509	661035.0	8623.0
2021-11-26	260958536	0	5187603	0.2344167985835709	610300.0	6883.0
2021-11-28	261872471	0	5198598	0.1646521975633134	430470.0	4839.0
2021-12-04	265779007	0	5247925	0.2017747354648937	535195.0	5810.0
2021-12-06	266837354	0	5262171	0.2249829788804703	598991.0	6845.0
2021-12-08	268190740	0	5278327	0.2665833560420809	713051.0	8314.0
2021-12-11	270102238	0	5301315	0.1931285376788643	520639.0	6361.0
2021-12-15	272546235	0	5329015	0.2720373251562905	739416.0	9084.0
2021-12-18	274626704	0	5349753	0.2080782976786111	570252.0	6055.0
2021-12-21	276632039	0	5368447	0.2741829665385274	756404.0	7666.0
2021-12-24	279441137	0	5392175	0.3201619642751391	891809.0	6103.0
2021-12-29	285014489	0	5422062	0.5987634026213449	1696405.0	7875.0
2021-12-31	288702918	0	5436385	0.6084344219786567	1745945.0	6737.0
2022-01-01	289928499	0	5440821	0.4245128551142666	1225581.0	4436.0
2022-01-02	290848465	0	5444100	0.3173078890737126	919966.0	3279.0
2022-01-05	298281697	0	5465721	0.870480442810368	2574077.0	7927.0
2022-01-09	308098481	0	5490156	0.6652236475858666	2036000.0	4002.0
2022-01-11	314318499	0	5505829	0.9739710751559776	3031842.0	9257.0
2022-01-13	320953420	0	5523359	1.0013344023825426	3181955.0	8330.0
2022-01-21	346995996	0	5587202	1.1177563371986796	3835696.0	9955.0
2022-01-26	362977513	0	5628287	1.0192555937513943	3662340.0	10595.0
2022-01-27	366733894	0	5638821	1.0348798108603494	3756381.0	10534.0
2022-01-28	370353940	0	5651060	0.9871042898478318	3620046.0	12239.0
2022-02-04	391364751	0	5725509	0.7581246264369524	2944708.0	13144.0
2022-02-06	395536584	0	5739758	0.4755340253818876	1872009.0	5870.0
2022-02-08	400757381	0	5763661	0.6592541041751974	2624706.0	13056.0
2022-02-11	408397574	0	5800898	0.5965078281396293	2421678.0	12182.0
2022-02-13	411834455	0	5814923	0.3698316423288685	1517482.0	5199.0
2022-02-16	417650987	0	5849486	0.5386187601244304	2237495.0	12984.0
2022-02-27	435657010	0	5946387	0.263942970575157	1146859.0	4490.0
2022-03-02	440300042	0	5970165	0.378554554059001	1660490.0	7989.0
2022-03-05	445279837	0	5992605	0.3311472094875734	1469665.0	5681.0
2022-03-06	446492187	0	5996677	0.2722669879166345	1212350.0	4072.0
2022-03-23	475866103	0	6105144	0.3739005345707518	1772638.0	5841.0
2022-03-25	479458583	0	6119371	0.3854760492204931	1841101.0	8967.0
2022-03-27	481727049	0	6124662	0.1896672962226019	911949.0	2364.0
2022-03-28	483219734	0	6128734	0.3098611554195704	1492685.0	4072.0
2022-03-31	488406809	0	6143294	0.3794081149470751	1846051.0	4805.0
2022-04-06	495122641	0	6166840	0.2944450293954721	1453584.0	7597.0
2022-04-11	499843502	0	6181737	0.1954802449038289	975189.0	2948.0
2022-04-12	500880363	0	6185040	0.2074371269909997	1036861.0	3303.0
2020-10-05	35545699	24788958	1093722	0.8820427875625175	310787.0	7039.0
2020-10-06	35861625	25021584	1099576	0.8887882609932639	315926.0	5854.0
2020-10-15	38969780	26933292	1148837	1.0551912269595716	406912.0	6183.0
2020-10-16	39379895	27136306	1155025	1.052392392258822	410115.0	6188.0
2020-10-18	40083148	27536100	1164590	0.8325883845956006	330972.0	3853.0
2020-10-20	40845321	27950078	1175943	0.9601408195659586	388443.0	6651.0
2020-10-24	42716464	28806408	1201651	1.0812590930675068	456935.0	5863.0
2020-10-31	46140588	30845322	1247660	1.035895971578925	473068.0	6603.0
2020-11-01	46578413	31103269	1252779	0.9488934124549953	437825.0	5119.0
2020-11-02	47124212	31383406	1258854	1.1717853074985618	545799.0	6075.0
2020-11-03	47687439	31634979	1268427	1.1951966432881678	563227.0	9573.0
2020-11-18	56333473	36177588	1403334	1.116000167289725	621743.0	11458.0
2020-11-20	57662075	36907311	1426213	1.1841239996121942	674800.0	11760.0
2020-11-25	60492652	38741107	1475890	1.0306157445027866	617087.0	12154.0
2020-11-26	61086033	39107983	1486891	0.9809141778079096	593381.0	11001.0
2020-11-27	61780326	39489609	1498394	1.1365822364009135	694293.0	11503.0
2020-12-02	64639978	41508984	1549160	0.9997147038337828	639819.0	12628.0
2020-12-03	65331254	41935968	1561779	1.0694248689255432	691276.0	12619.0
2020-12-04	66028169	42426585	1574187	1.066740583304891	696915.0	12408.0
2020-12-05	66672388	42862533	1584737	0.9756729737576094	644219.0	10550.0
2020-12-06	67216584	43178577	1592557	0.8162239516604685	544196.0	7820.0
2020-12-08	68380626	44032487	1613132	0.9307924275853288	630612.0	12160.0
2020-12-09	69046486	44458967	1625916	0.9737553440941006	665860.0	12784.0
2020-12-13	72441140	47328395	1670406	0.750316578270457	539490.0	7937.0
2020-12-19	76455347	43103505	1744311	0.8389065189660035	636053.0	11306.0
2020-12-21	77549228	43723554	1761625	0.7091252687113087	546049.0	9079.0
2020-12-23	78883803	44410879	1789509	0.8730507363403273	682735.0	13943.0
2020-12-25	80098228	45017157	1810601	0.6522751002388779	519075.0	8896.0
2020-12-26	80605026	45425321	1818041	0.6327206139941074	506798.0	7440.0
2020-12-27	81017977	45717709	1825789	0.5123142073051375	412951.0	7748.0
2020-12-29	82187305	46369230	1849717	0.8229391766871565	670831.0	14829.0
2020-12-30	82913042	46757475	1865432	0.8830281026978559	725737.0	15715.0
2021-01-01	84341129	47359111	1889077	0.7021282502164845	588054.0	9955.0
2021-01-03	85442114	47882778	1905134	0.6125911705450738	520224.0	7638.0
2021-01-09	89996683	49753111	1988855	0.8492390397937973	757851.0	13334.0
2021-01-11	91212596	50313949	2007354	0.6777958179296146	614073.0	9558.0
2021-01-12	91904578	50657506	2024302	0.7586474131270203	691982.0	16948.0
2021-01-13	92648667	51023567	2041022	0.8096321382379885	744089.0	16720.0
2021-01-21	97846151	53765411	2156151	0.6888095539852583	669363.0	17283.0
2021-01-24	99549884	54774618	2195957	0.4663399624643994	462086.0	9107.0
2021-01-26	100592320	55418602	2224173	0.5613551475229748	561528.0	17811.0
2021-01-29	102398247	56439137	2273979	0.5789982191712039	589471.0	15802.0
2021-01-30	102913518	56790303	2287429	0.5032029503395697	515271.0	13450.0
2021-02-08	106879564	59411983	2396212	0.3185907298016709	339427.0	9069.0
2021-02-09	107286701	59783591	2411279	0.3809306332873888	407137.0	15067.0
2021-02-14	109292190	61058257	2469761	0.2833680141609867	308824.0	6727.0
2021-02-25	113421072	63732294	2581421	0.401524403306155	453592.0	10859.0
2021-03-01	114874850	64633387	2614416	0.2662455249010488	305037.0	7387.0
2021-03-04	116089417	65383179	2647015	0.3967763833355493	458795.0	10469.0
2021-03-05	116539442	65609539	2657485	0.3876537686462841	450025.0	10470.0
2021-03-22	124142574	70137878	2809326	0.3393953727071753	419909.0	7872.0
2021-03-24	125279444	70786662	2831499	0.5052456742821202	629787.0	10682.0
2021-03-27	127157204	71768318	2866034	0.4622367887416869	585063.0	10210.0
2021-03-31	129344579	73119294	2906701	0.5245128048416065	674889.0	12903.0
2021-04-03	131240249	74150288	2938932	0.4138613253081968	540914.0	9313.0
2021-04-10	135820843	76933556	3024124	0.4967722475069046	671385.0	13032.0
2021-04-15	139539495	79236514	3084676	0.5914566935559354	820463.0	13658.0
2021-04-16	140399677	79740631	3098064	0.6164433947535786	860182.0	13388.0
2021-04-26	148360462	85565469	3224541	0.4657367398506762	687766.0	11590.0
2021-04-27	149199958	86246373	3239557	0.5658488715140292	839496.0	15016.0
2021-04-30	151885385	88236950	3285680	0.5906044633279514	891775.0	14412.0
2021-05-01	152680343	88919400	3298710	0.5233933468977282	794958.0	13030.0
2021-05-03	154056690	90255903	3320659	0.4493591632006514	689171.0	11646.0
2021-05-09	158830526	94371824	3402507	0.4104817221002486	649305.0	10419.0
2020-01-29	6169	127	133	10.555555555555555	589.0	2.0
2021-05-20	165690919	101886759	3542965	0.1705586401690841	282119.0	13177.0
2021-05-22	166890042	103118308	3567369	0.3443085391722431	572645.0	11434.0
2021-05-27	169472359	106078105	3625015	0.3239167739952472	547177.0	12934.0
2021-05-28	169977978	106633068	3637016	0.2983489478658876	505619.0	12001.0
2021-05-30	170848636	107630597	3656202	0.2288521329450801	390098.0	8382.0
2021-06-04	173089139	110226715	3712787	0.2462801981620918	425237.0	10643.0
2021-06-05	173486079	110704845	3722183	0.2293269250128975	396940.0	9396.0
2021-06-09	174920328	112435799	3758323	0.2398479708422932	418539.0	10153.0
2021-06-10	175373823	112849488	3774292	0.2592580320338754	453495.0	15969.0
2021-06-12	176164980	113563994	3795834	0.2096732570980897	368598.0	9804.0
2021-06-13	176467978	113993655	3805101	0.1719967271588257	302998.0	9267.0
2021-06-15	177152356	114800574	3823828	0.2120858908712761	374920.0	10749.0
2021-06-17	177937632	115530279	3843207	0.2232161929663577	396301.0	9321.0
2021-06-20	178992964	116446786	3867304	0.1698124143559908	303437.0	6734.0
2021-06-25	180924286	118125509	3910471	0.2315681063991282	417995.0	9231.0
2021-06-26	181287479	118420068	3917993	0.2007430887415523	363193.0	7522.0
2021-06-28	181931639	119006263	3930616	0.1834348609573501	333115.0	6546.0
2021-06-30	182712486	119580620	3947956	0.2190846815115269	399420.0	9199.0
2021-07-02	183590581	120299518	3964846	0.241555229894535	442404.0	8343.0
2021-07-05	184670047	121235174	3985742	0.204392056087358	376681.0	7360.0
2021-07-06	185120673	121563017	3994232	0.244016832897649	450626.0	8490.0
2021-07-14	188870189	124113063	4059318	0.2856388278801273	537950.0	8607.0
2021-07-19	191440779	125688817	4097881	0.2546643497026825	486293.0	7139.0
2021-07-20	191973342	126008997	4118607	0.2781868120166811	532563.0	20726.0
2021-07-22	193094481	126671708	4136039	0.2936511675789797	565364.0	8772.0
2021-07-27	195846899	128409040	4178640	0.3107269359719834	606664.0	9843.0
2021-08-04	200758017	130899061	4253756	0.340035928345251	680336.0	10500.0
2021-08-09	203910612	0	4300015	0.3020627076225192	614083.0	8756.0
2021-08-16	208477534	0	4368979	0.315156340479827	654966.0	9760.0
2021-08-22	212412489	0	4429082	0.2140808300574518	453763.0	7688.0
2021-08-23	213083549	0	4439029	0.3159230434892178	671060.0	9947.0
2021-08-25	214497353	0	4461417	0.3448767324932191	737209.0	11348.0
2021-08-27	215985195	0	4483359	0.3491805446900375	751554.0	10344.0
2021-08-28	216551398	0	4491807	0.2621489866469783	566203.0	8448.0
2021-08-30	217659628	0	4508005	0.3014846774082431	654238.0	9460.0
2021-09-04	220906759	0	4559352	0.2296231697446579	506091.0	7739.0
2021-09-07	222478184	0	4584328	0.2958426925668398	656244.0	10488.0
2021-09-08	223115208	0	4594429	0.2863309959416066	637024.0	10101.0
2021-09-10	224414378	0	4614334	0.2946265331759803	659242.0	9192.0
2021-09-12	225269501	0	4628306	0.1676178313090428	376960.0	5580.0
2021-09-14	226382316	0	4647239	0.2438342779580406	550655.0	9898.0
2021-09-16	227536585	0	4668180	0.2586963464004488	587110.0	10474.0
2021-09-20	229576329	0	4697932	0.2254038056287771	516310.0	8138.0
2021-09-26	232439247	0	4746649	0.1559393903274842	361900.0	5469.0
2021-09-30	234340438	0	4781771	0.2092772381543514	489397.0	8833.0
2021-10-03	235534134	0	4800641	0.1336243671945965	314311.0	4283.0
2021-10-04	235968653	0	4807688	0.1844823901405305	434519.0	7047.0
2021-10-06	236898796	0	4824263	0.2146630990742127	507445.0	9167.0
2021-10-13	239776316	0	4873048	0.1910064040369247	457115.0	8916.0
2021-10-19	242201982	0	4912482	0.1787721471293153	432217.0	8232.0
2021-10-21	243140623	0	4928821	0.190549046510572	462421.0	7662.0
2021-10-23	244017010	0	4942892	0.1574134932791549	383512.0	5886.0
2021-10-24	244337844	0	4947423	0.1314801783695325	320834.0	4531.0
2021-10-28	246188053	0	4979941	0.1966517798365168	483183.0	8894.0
2021-10-29	246684172	0	4987742	0.2015203394130583	496119.0	7801.0
2021-11-09	251572196	0	5062306	0.1861106927268071	467333.0	8101.0
2021-11-13	253709049	0	5093750	0.1741392448260638	441039.0	6457.0
2021-11-29	262503351	0	5206035	0.2409111570952412	630880.0	7437.0
2021-12-17	274056452	0	5343698	0.2808522265926967	767538.0	7278.0
2021-12-20	275875635	0	5360781	0.2676976903907374	736541.0	6613.0
2021-12-28	283318084	0	5414187	0.4704219240851393	1326550.0	7577.0
2022-01-03	293207625	0	5449830	0.811130290819998	2359160.0	5730.0
2022-01-04	295707620	0	5457794	0.8526364210344121	2499995.0	7964.0
2022-01-14	324269276	0	5531354	1.0331268630818764	3315856.0	7995.0
2020-01-30	8237	145	171	33.52245096449992	2068.0	38.0
2020-02-01	12038	287	259	21.2652362244384	2111.0	46.0
2020-02-06	30806	1493	634	11.438286789176674	3162.0	70.0
2020-02-19	75655	16123	2123	0.6652917304237909	500.0	115.0
2020-02-25	80412	27907	2710	1.0734307046431537	854.0	80.0
2020-03-07	106122	58358	3566	4.065662508825605	4146.0	105.0
2020-03-11	126628	66999	4618	6.313597743224636	7520.0	345.0
2020-03-14	157617	72622	5843	7.461495980855372	10944.0	423.0
2020-03-16	183394	78086	7178	8.59684028517966	14518.0	682.0
2020-03-17	198691	80830	7989	8.341058049881674	15297.0	811.0
2020-03-19	243464	84958	10017	12.533510825152067	27116.0	1110.0
2020-03-20	273008	87403	11504	12.134853612854467	29544.0	1487.0
2020-03-22	339895	97867	14919	11.28664180497212	34472.0	1686.0
2020-03-27	601349	130910	28538	11.89720363519981	63937.0	3480.0
2020-03-29	726726	148877	35838	8.386490577856657	56231.0	3464.0
2020-03-30	791975	164213	39895	8.978487077660631	65249.0	4057.0
2020-04-01	951968	193075	50714	9.37094656153529	81565.0	6053.0
2020-04-02	1034275	210218	56593	8.645983898618441	82307.0	5879.0
2020-04-03	1118277	225640	62818	8.12182446641367	84002.0	6225.0
2020-04-04	1178363	246052	68781	5.373087347768039	60086.0	5963.0
2020-04-18	2337796	591169	166983	3.460291988828146	78189.0	6386.0
2020-04-23	2731191	738747	199676	3.11926224479201	82616.0	6904.0
2020-04-26	2969606	845343	216860	2.4449294071135883	70872.0	4293.0
2020-04-30	3277569	1013632	241546	2.625176596128412	83841.0	6062.0
2020-05-03	3519125	1124973	256815	2.152736574315435	74161.0	3861.0
2020-05-09	4030371	1371030	290382	2.143394604436062	84574.0	4617.0
2020-05-11	4181600	1451724	298258	1.8505347786353548	75976.0	3824.0
2020-05-17	4715829	1729871	329094	1.6907673467645057	78408.0	3587.0
2020-05-23	5323547	2108410	358772	2.000971812457057	104433.0	4381.0
2020-05-24	5416801	2163937	362256	1.7517268092119782	93254.0	3484.0
2020-05-28	5819995	2413008	378794	2.099264428550628	119665.0	5050.0
2020-05-31	6180061	2637107	391387	1.6952329266825747	103020.0	3141.0
2020-06-02	6403453	2796144	400307	1.961006296518508	123157.0	5284.0
2020-06-08	7129985	3293394	428095	1.4668032083500666	103071.0	4331.0
2020-06-09	7256297	3375664	433202	1.7715605292297247	126312.0	5107.0
2020-06-11	7529261	3540714	443725	1.837309142817648	135840.0	5087.0
2020-06-13	7790659	3706326	452864	1.7491272060812362	133926.0	4407.0
2020-06-14	7922545	3777145	456522	1.6928734783540134	131886.0	3658.0
2020-06-16	8191583	3955283	467638	1.792101912600968	144217.0	7130.0
2020-06-18	8477437	4155277	478443	1.712392290845253	142723.0	5326.0
2020-06-23	9247902	4630495	503191	1.854390732914428	168370.0	5577.0
2020-06-30	10472385	5352510	536343	1.7871185905607194	183868.0	5235.0
2020-07-08	12062729	6605157	577225	1.8156734498884373	215114.0	5630.0
2020-07-09	12286931	6739775	583029	1.858634144893747	224202.0	5804.0
2020-07-11	12732941	7004913	593874	1.6998238275812192	212820.0	5103.0
2020-07-18	14288256	8045823	634080	1.6745544630828642	235324.0	6498.0
2020-07-19	14500046	8133881	638971	1.4822662751843192	211790.0	4891.0
2020-07-22	15226372	8647437	656622	1.8403518589824492	275155.0	7373.0
2020-07-25	16039878	9271779	675792	1.5834214595216751	250020.0	6075.0
2020-07-29	17020687	9959507	699019	1.6137243914795496	270305.0	6653.0
2020-07-31	17590145	10372632	712354	1.663011683231995	287741.0	6589.0
2020-08-02	18067265	10692267	723008	1.2939726961607754	230799.0	4652.0
2020-08-11	20380911	12589218	779101	1.321978951523478	265916.0	6632.0
2020-08-12	20655885	12829863	786048	1.3491742346551634	274974.0	6947.0
2020-08-13	20946163	12993779	792840	1.4053041058274676	290278.0	6792.0
2020-08-28	24788323	16200974	880534	1.1590699934676774	284022.0	5817.0
2020-09-05	26942595	17936474	924962	1.0277893780223626	274096.0	5105.0
2020-09-07	27388662	18345813	938684	0.7994497163197828	217222.0	9606.0
2020-09-19	30865470	21031598	1004872	0.9592008379109912	293249.0	5306.0
2020-09-27	33159736	22967859	1046878	0.7502397774532232	246925.0	3841.0
2020-10-04	35234912	24551490	1086683	0.7433064719108461	259971.0	3991.0
2020-10-10	37285319	25898476	1122904	0.9633994899476136	355779.0	4880.0
2020-10-12	37863592	26321235	1131078	0.7694585834765689	289120.0	4050.0
2020-10-13	38182789	26513680	1136463	0.8430182746528644	319197.0	5385.0
2022-01-19	339454794	0	5567559	1.2192735186973525	4089026.0	10054.0
2022-01-24	355664142	0	5606968	0.971614920253524	3422433.0	8501.0
2022-01-25	359315173	0	5617692	1.0265389643918617	3651031.0	10724.0
2022-01-31	378898305	0	5674484	0.9287704655407378	3486712.0	9720.0
2022-02-05	393664575	0	5733888	0.5876420894123906	2299824.0	8379.0
2022-02-19	423315769	0	5881022	0.38619999606201	1628556.0	8508.0
2022-02-23	429676087	0	5915748	0.4505071404635999	1927040.0	12015.0
2022-02-24	431444205	0	5926525	0.4115002099244122	1768118.0	10777.0
2022-03-07	447915024	0	6004209	0.3186700778708139	1422837.0	7532.0
2022-03-10	453366072	0	6026792	0.4121571934811173	1860911.0	7521.0
2022-03-11	455216502	0	6033268	0.4081536123417722	1850430.0	6476.0
2022-03-16	463901519	0	6058692	0.4816011707829173	2223447.0	6784.0
2022-03-18	467868149	0	6071185	0.4107099074504342	1913721.0	5419.0
2022-03-19	469577252	0	6075019	0.3652958645834213	1709103.0	3834.0
2022-03-22	474093465	0	6099303	0.4184199455767871	1975436.0	4904.0
2022-03-30	486560758	0	6138489	0.3283264938303887	1592280.0	4985.0
2022-04-03	491405149	0	6152101	0.160760004219508	788715.0	1619.0
2022-04-07	496338419	0	6170907	0.2455508795850036	1215778.0	4067.0
2022-04-10	498868313	0	6178789	0.1140511749070935	568317.0	1480.0
2022-04-16	504155459	0	6197159	0.1090262165772811	549063.0	1512.0
2020-10-17	39752176	27334589	1160737	0.9453580310460452	372281.0	5712.0
2020-10-19	40456878	27738631	1169292	0.9323868474601844	373730.0	4702.0
2020-10-25	43075336	29003666	1205906	0.8401257182710629	358872.0	4255.0
2020-11-08	50508065	33058570	1310158	0.9783903363956756	489378.0	6090.0
2020-11-11	52207978	33953207	1337787	1.2094169850092018	623867.0	10550.0
2020-11-12	52849166	34179446	1347560	1.2281417985580672	641188.0	9773.0
2020-11-14	54098149	34759397	1366475	1.096433001456586	586717.0	9123.0
2020-11-16	55110823	35380887	1380828	0.957332708632146	522591.0	7741.0
2020-11-19	56987275	36551887	1414453	1.1605923888271543	653802.0	11119.0
2020-11-23	59284353	37931518	1451132	0.9008260597485098	529281.0	8308.0
2020-11-24	59875565	38303697	1463736	0.9972479584958952	591212.0	12604.0
2020-11-29	62884434	40167598	1515172	0.7952614949306828	496150.0	7312.0
2020-12-01	64000159	41046058	1536532	0.9683710421916746	613815.0	12659.0
2020-12-11	71251444	45428333	1651556	1.0039948006890644	708250.0	13148.0
2020-12-12	71901650	46933276	1662469	0.9125513301877785	650206.0	10913.0
2020-12-16	74357765	42058782	1706670	0.9753224700935808	718223.0	14091.0
2020-12-22	78201068	44086739	1775566	0.8405499536371916	651840.0	13941.0
2020-12-24	79579153	44725551	1801705	0.881486406024314	695350.0	12196.0
2020-12-28	81516474	46016135	1834888	0.6152918382546135	498497.0	9099.0
2020-12-31	83753075	47055807	1879122	1.013149415022066	840033.0	13690.0
2021-01-05	86740208	48488547	1929931	0.8624286749452885	741676.0	15401.0
2021-01-15	94194314	51717034	2072243	0.8397654680890857	784424.0	15633.0
2021-01-16	94852162	52034089	2086164	0.6983945973639131	657848.0	13921.0
2021-01-25	100030792	55089059	2206362	0.4830824313165447	480908.0	10405.0
2021-01-27	101193735	55759371	2241615	0.5978736746503113	601415.0	17442.0
2021-02-02	104217880	57702034	2321484	0.4483662148589345	465192.0	15334.0
2021-02-03	104743426	58031881	2337679	0.5042762335983039	525546.0	16195.0
2021-02-15	109572409	61346870	2477164	0.2563943498615958	280219.0	7403.0
2021-02-18	110729640	62112834	2512001	0.3728283008459283	411298.0	11914.0
2021-02-20	111515230	62616686	2532767	0.3379983980504515	375650.0	9074.0
2021-02-23	112522443	63295143	2558026	0.3507634300398375	393308.0	11670.0
2021-02-27	114260988	64243284	2600691	0.3494107109537065	397850.0	8695.0
2021-03-02	115188425	64903491	2624772	0.2729709766759217	313575.0	10356.0
2021-03-10	118505479	66856509	2699457	0.388757609243078	458915.0	10177.0
2021-03-12	119485614	67397682	2719584	0.4115925535411171	489778.0	9891.0
2021-03-14	120306971	67895902	2733988	0.3044727174761562	365190.0	5812.0
2021-03-15	120659926	68185781	2741454	0.2933786771175545	352955.0	7466.0
2021-03-17	121672187	68716802	2762677	0.4504726854051686	545642.0	10596.0
2021-03-18	122220797	68985878	2773399	0.4508918706293986	548610.0	10722.0
2021-03-23	124649657	70451020	2820817	0.408468250384433	507083.0	11491.0
2021-03-26	126572141	71463065	2855824	0.5087569224959966	640685.0	12768.0
2021-04-12	137142099	77858760	3043098	0.4487913578329268	612732.0	9886.0
2021-04-17	141193459	80259167	3110669	0.5653730955520645	793782.0	12605.0
2021-04-20	143422747	81979570	3145202	0.5889255874255843	839708.0	14322.0
2021-04-23	146119369	83767998	3189079	0.6249717826031757	907533.0	15267.0
2021-05-02	153367519	89612414	3309013	0.4500749647909816	687176.0	10303.0
2021-05-06	156557290	92301897	3364262	0.5604763483716199	872576.0	14608.0
2021-05-10	159455449	95000510	3413570	0.3934527044253446	624923.0	11063.0
2021-05-11	160181621	95751514	3427762	0.4554074536518347	726172.0	14192.0
2021-05-12	160949550	96399063	3441913	0.4794114301040816	767929.0	14151.0
2021-05-17	164116235	99808930	3502229	0.3320000421585026	543063.0	11314.0
2021-05-18	164736006	100552043	3516310	0.3776414929333469	619771.0	14081.0
2021-05-25	168356595	104824934	3599276	0.3183922047243053	534333.0	12962.0
2021-05-29	170458538	107140668	3647820	0.2827189766900274	480560.0	10804.0
2021-05-31	171235461	108159766	3664871	0.2264138649605607	386825.0	8669.0
2021-06-01	171695471	108743649	3680082	0.2686417855936978	460010.0	15211.0
2021-06-14	176777436	114340429	3813079	0.1753621271730104	309458.0	7978.0
2021-06-16	177541331	115149801	3833886	0.2195708873327092	388975.0	10058.0
2021-06-18	178341062	115849842	3852407	0.2267255079577545	403430.0	9200.0
2021-06-21	179289570	116804004	3874286	0.1657081895129687	296606.0	6982.0
2021-06-22	179699866	117107408	3883209	0.2288454370212388	410296.0	8923.0
2021-06-24	180506291	117796862	3901240	0.2273059417118293	409371.0	8652.0
2021-06-27	181598524	118678807	3924070	0.1715755559709669	311045.0	6077.0
2021-07-03	183965141	120569293	3971764	0.2040191811365312	374560.0	6918.0
2021-07-07	185585716	121831180	4002771	0.2512107332280495	465043.0	8539.0
2021-07-08	186067519	122123831	4011679	0.2596121136822836	481803.0	8908.0
2021-07-11	187374019	123197639	4034264	0.1981562266281062	370559.0	7613.0
2021-07-17	190533173	125065613	4084203	0.2581094228556215	490518.0	7517.0
2021-07-24	194255794	127435324	4153052	0.2234547484967291	433106.0	8694.0
2021-07-26	195240235	128063201	4168797	0.2764064147115932	538169.0	8413.0
2021-07-29	197139976	129094091	4199056	0.327258559667115	643053.0	10263.0
2021-07-31	198391486	129705211	4217440	0.2622470600030764	518915.0	8833.0
2021-08-01	198875665	129994389	4224807	0.2440523077688928	484179.0	7367.0
2021-08-05	201443373	0	4264706	0.3413841251480383	685356.0	10950.0
2021-08-08	203296529	0	4291259	0.2316781646969581	469905.0	7439.0
2021-08-11	205287051	0	4322122	0.3571581148932763	730590.0	10516.0
2021-08-12	205993035	0	4332626	0.3439008922194513	705984.0	10504.0
2021-08-13	206794999	0	4343083	0.3893160756624611	801964.0	10457.0
2021-08-19	210607624	0	4402001	0.3392023559439794	711971.0	11440.0
2021-08-20	211392868	0	4412487	0.3728469013068587	785244.0	10486.0
2021-08-26	215233641	0	4473015	0.3432620448234622	736288.0	11598.0
2021-08-31	218280898	0	4517214	0.2854318946093209	621270.0	9209.0
2021-09-01	219000231	0	4529702	0.3295446402277491	719333.0	12488.0
2021-09-05	221362690	0	4565831	0.2063906971719231	455931.0	6479.0
2021-09-11	224892541	0	4622726	0.2130714637187818	478163.0	8392.0
2021-09-17	228159977	0	4677223	0.2739744028416353	623392.0	9043.0
2021-09-18	228691015	0	4683766	0.2327480949912613	531038.0	6543.0
2021-09-21	230065643	0	4707355	0.2131378274630395	489314.0	9423.0
2021-09-27	232909032	0	4754271	0.2021108767401918	469785.0	7622.0
2021-09-29	233851041	0	4772938	0.2102413073723414	490620.0	9271.0
2021-10-05	236391351	0	4815096	0.1791331156176918	422698.0	7408.0
2021-10-10	238506140	0	4850329	0.1353522211063657	322387.0	4695.0
2021-10-12	239319201	0	4864132	0.1835220730714057	438399.0	8068.0
2021-10-18	241769765	0	4904250	0.1699426969531834	410173.0	6405.0
2021-10-22	243633498	0	4937006	0.2027119096425117	492875.0	8185.0
2021-10-25	244764051	0	4954116	0.1744334782621721	426207.0	6693.0
2021-10-26	245190193	0	4961902	0.1741031815166353	426142.0	7786.0
2021-11-03	248791446	0	5020142	0.2112366799915002	524431.0	8437.0
2021-11-06	250273075	0	5043130	0.1750899125128017	437437.0	6751.0
2021-11-10	252149324	0	5070583	0.2294084994988874	577128.0	8277.0
2021-11-15	254614006	0	5105091	0.2071959079521516	526459.0	6704.0
2021-11-17	255738287	0	5121983	0.2425581200437878	618813.0	9201.0
2021-11-20	257476267	0	5144616	0.1946991636030108	500330.0	6242.0
2021-11-21	257896926	0	5149188	0.163377776484541	420659.0	4572.0
2021-11-25	260348236	0	5180720	0.2303812944687265	598415.0	7831.0
2021-11-30	263103570	0	5214076	0.2286519382375427	600219.0	8041.0
2021-12-01	263808393	0	5223401	0.267888041199897	704823.0	9325.0
2021-12-02	264514416	0	5233564	0.2676271941052308	706023.0	10163.0
2021-12-05	266238363	0	5255326	0.1728338160282162	459356.0	7401.0
2021-12-07	267477689	0	5270013	0.2399720243066119	640335.0	7842.0
2021-12-12	270557955	0	5305892	0.168720186613189	455717.0	4577.0
2021-12-13	271168627	0	5312131	0.2257083884301239	610672.0	6239.0
2021-12-14	271806819	0	5319931	0.2353487595746096	638192.0	7800.0
2021-12-16	273288914	0	5336420	0.2724965178843875	742679.0	7405.0
2021-12-22	277542581	0	5378823	0.3291527631042042	910542.0	10376.0
2021-12-25	280143261	0	5396516	0.2512600712757621	702124.0	4341.0
2021-12-26	280723328	0	5400289	0.2070608437730722	580067.0	3773.0
2021-12-27	281991534	0	5406610	0.4517636667516281	1268206.0	6321.0
2021-12-30	286956973	0	5429648	0.6815386848631404	1942484.0	7586.0
2022-01-06	300939650	0	5473352	0.8910881984153389	2657953.0	7631.0
2022-01-08	306062481	0	5486154	0.7170597688511867	2179026.0	5549.0
2022-01-10	311286657	0	5496572	1.034791210152055	3188176.0	6416.0
2022-01-12	317771465	0	5515029	1.0985564040887077	3452966.0	9200.0
2022-01-17	331605207	0	5548217	0.8090001956533344	2661158.0	6089.0
2022-01-18	335365768	0	5557505	1.134047632732136	3760561.0	9288.0
2022-01-23	352241709	0	5598467	0.7023209493817911	2456614.0	5018.0
2022-01-30	375411593	0	5664764	0.6209196498608411	2316620.0	5660.0
2022-02-02	385247362	0	5700656	0.8345728393019124	3188559.0	12176.0
2020-01-24	944	39	26	43.68340943683409	287.0	8.0
2022-02-07	398132675	0	5750605	0.656346620013283	2596091.0	10847.0
2022-02-12	410316973	0	5809724	0.4699829583218826	1919399.0	8826.0
2022-02-14	413533932	0	5825785	0.4126602277606909	1699477.0	10862.0
2022-02-15	415413492	0	5836502	0.4545116747517589	1879560.0	10717.0
2022-02-17	419707976	0	5861869	0.4925138606220988	2056989.0	12383.0
2022-02-18	421687213	0	5872514	0.4715747884667314	1979237.0	10645.0
2022-02-20	424641031	0	5886415	0.3130670050706285	1325262.0	5393.0
2022-02-21	426036968	0	5893583	0.3287334237844764	1395937.0	7168.0
2022-02-22	427749047	0	5903733	0.401861605587241	1712079.0	10150.0
2022-02-26	434510151	0	5941897	0.3299950779415966	1429146.0	6519.0
2022-03-01	438639552	0	5962176	0.3715538405827397	1623749.0	8175.0
2022-03-03	442056325	0	5978342	0.3988832233633991	1756283.0	8177.0
2022-03-04	443810172	0	5986924	0.3967474054352689	1753847.0	8582.0
2022-03-09	451505161	0	6019271	0.4090466578449154	1839343.0	7796.0
2022-03-12	456964861	0	6037979	0.3840719728565552	1748359.0	4711.0
2022-03-13	458246184	0	6041327	0.2803985840828142	1281323.0	3348.0
2022-03-14	459875566	0	6046593	0.355569136610639	1629382.0	5266.0
2022-03-15	461678072	0	6051908	0.3919551577132497	1802506.0	5315.0
2022-03-17	465954428	0	6065766	0.4425312088706483	2052909.0	7074.0
2022-03-21	472118029	0	6094399	0.3124717217968036	1470640.0	16315.0
2022-03-26	480815100	0	6122298	0.2829268362477098	1356517.0	2927.0
2022-04-01	489571518	0	6147833	0.2384710815937867	1164709.0	4539.0
2022-04-02	490616434	0	6150482	0.2134348019812704	1044916.0	2649.0
2022-04-08	497531675	0	6175012	0.240411774370422	1193256.0	4105.0
2022-04-09	498299996	0	6177309	0.1544265498272044	768321.0	2297.0
2022-04-13	501920234	0	6189593	0.2076086580379674	1039871.0	4553.0
2022-04-15	503606396	0	6195647	0.1420205005929442	714210.0	2246.0
2020-01-26	2120	56	56	47.52957550452332	683.0	14.0
2020-01-27	2929	65	82	38.16037735849056	809.0	26.0
2020-01-28	5580	108	131	90.5087060430181	2651.0	49.0
2020-01-31	9927	225	213	20.51717858443608	1690.0	42.0
2020-02-05	27644	1130	564	15.670111720155656	3745.0	72.0
2020-02-07	34400	2016	719	11.666558462637148	3594.0	85.0
2020-02-13	60384	6294	1371	33.49840820657941	15152.0	253.0
2020-02-15	69055	9397	1666	3.202714012434242	2143.0	143.0
2020-02-17	73273	12587	1868	2.856621466071479	2035.0	98.0
2020-02-22	78608	22892	2459	2.292897483278245	1762.0	207.0
2020-03-01	88410	42721	2997	2.7664768104149715	2380.0	54.0
2020-03-05	98046	53796	3348	2.850129551343243	2717.0	93.0
2020-03-08	109972	60695	3807	3.627899964192157	3850.0	241.0
2020-03-21	305423	91650	13233	11.873278438727072	32415.0	1729.0
2020-03-23	382799	98355	16886	12.622721722885007	42904.0	1967.0
2020-03-24	424883	107974	19201	10.993759126852472	42084.0	2315.0
2020-03-26	537412	122125	25058	12.902155051071643	61414.0	3036.0
2020-03-28	670495	139421	32374	11.498480915408525	69146.0	3836.0
2020-03-31	870403	177803	44661	9.9028378421036	78428.0	4766.0
2020-04-06	1324899	276597	79957	5.959030316989606	74511.0	5866.0
2020-04-08	1475875	328741	95132	5.882652570741485	81997.0	6826.0
2020-04-11	1724605	401983	117084	4.5731045497597	75419.0	6519.0
2020-04-12	1843412	421366	122922	6.888939786211916	118807.0	5838.0
2020-04-13	1915034	448623	128975	3.885295311086181	71622.0	6053.0
2020-04-14	1999558	473697	136189	4.413707537307432	84524.0	7214.0
2020-04-16	2171785	541119	152026	4.5448790803376005	94414.0	7475.0
2020-04-17	2259607	567303	160597	4.043770446890461	87822.0	8571.0
2020-04-19	2414457	622952	172419	3.279199724869065	76661.0	5436.0
2020-04-20	2490365	645130	178322	3.143895294055765	75908.0	5903.0
2020-04-24	2815227	788776	206617	3.0768994186052896	84036.0	6941.0
2020-04-27	3040528	873227	221730	2.388262954748879	70922.0	4870.0
2020-05-02	3444964	1092440	252954	2.327385708472321	78354.0	5868.0
2020-05-04	3596510	1159059	261181	2.198984122473626	77385.0	4366.0
2020-05-12	4266957	1488766	304137	2.0412521522862064	85357.0	5879.0
2020-05-15	4543310	1632452	320957	2.1666716513464594	96351.0	5722.0
2020-05-16	4637421	1688863	325507	2.0714192956236754	94111.0	4550.0
2020-05-21	5111870	1945029	348701	2.112842754408173	105771.0	4953.0
2020-05-25	5504948	2227666	363762	1.6272888740051554	88147.0	1506.0
2020-06-03	6514705	2875235	405976	1.7373751318234083	111252.0	5669.0
2020-06-07	7026914	3141783	423764	1.6045384976311985	110969.0	3126.0
2020-06-19	8658514	4250267	484794	2.1359875632222334	181077.0	6351.0
2020-06-25	9598762	4839130	513746	1.90504197755252	179442.0	5083.0
2020-06-28	10136032	5140599	527091	1.6901418059333644	168466.0	3575.0
2020-06-29	10288517	5235170	531108	1.5043855425870791	152485.0	4017.0
2020-07-01	10687359	5468424	541720	2.052770214234866	214974.0	5377.0
2020-07-02	10891991	5753358	547195	1.9147106408608523	204632.0	5475.0
2020-07-12	12925796	7116749	598161	1.5146147304067457	192855.0	4287.0
2020-07-15	13570476	7559130	614423	1.7183425693646792	229248.0	5897.0
2020-07-24	15789858	9051967	669717	1.8294577922775173	283679.0	6455.0
2020-07-28	16750382	9756921	692366	1.6038360851472897	264408.0	6944.0
2020-08-05	18813900	11360064	742360	1.4842761107635505	275166.0	7382.0
2020-08-06	19100788	11548871	749183	1.5248725676228747	286888.0	6823.0
2020-08-07	19383355	11740917	755920	1.47934734420381	282567.0	6737.0
2020-08-08	19648713	11941161	761937	1.3689993295794254	265358.0	6017.0
2020-08-10	20114995	12284150	772469	1.1727185973811172	233158.0	5363.0
2020-08-16	21712481	13678579	810225	0.9764718220170988	209966.0	4786.0
2020-08-24	23689888	15337336	855405	0.9716209585001266	227961.0	4819.0
2020-08-27	24504301	16001856	874717	1.1866198773767351	287363.0	6206.0
2020-08-29	25049249	16412387	886339	1.0526165888672665	260926.0	5805.0
2020-08-30	25268736	16622627	890600	0.8762218779493149	219487.0	4261.0
2020-09-01	25799976	17081379	901614	1.0458885838797192	267046.0	6598.0
2020-09-14	29344683	19867489	975643	0.9175531997211076	266805.0	4588.0
2020-09-26	32912811	22753980	1043037	0.8759211382564343	285787.0	5432.0
2020-10-02	34677414	24073730	1077969	0.9586400008454607	329275.0	5596.0
2020-10-03	34974941	24329331	1082692	0.8579849696981442	297527.0	4723.0
2020-10-11	37574472	26121116	1127028	0.7755143519088572	289153.0	4124.0
2020-10-21	41284309	28161300	1182798	1.0747571306882373	438988.0	6855.0
2020-10-22	41766204	28388093	1188695	1.1672594544334025	481895.0	5897.0
2020-10-26	43558104	29242801	1211520	1.120752720303795	482768.0	5614.0
2020-10-27	44025232	29832506	1218996	1.0724250072960018	467128.0	7476.0
2020-10-28	44545397	30098468	1226179	1.1815156363060166	520165.0	7183.0
2020-10-29	45095600	30345219	1233380	1.2351511874504115	550203.0	7201.0
2020-10-30	45667520	30600993	1241057	1.268239029971882	571920.0	7677.0
2020-11-04	48179325	31914298	1278499	1.031479170017916	491886.0	10072.0
2020-11-05	48797426	32217953	1287166	1.282917517005479	618101.0	8667.0
2020-11-06	49418108	32506314	1296318	1.271956434751292	620682.0	9152.0
2020-11-13	53511432	34481578	1357352	1.2531247891404758	662266.0	9792.0
2020-11-15	54588232	34990157	1373087	0.9059145443220248	490083.0	6612.0
2020-11-17	55711730	35814478	1391876	1.0903611437629956	600907.0	11048.0
2020-11-21	58256749	37246581	1435353	1.0313087068059898	594674.0	9140.0
2020-12-07	67750014	43591716	1600972	0.7935987940119063	533430.0	8415.0
2020-12-14	72992271	41338398	1679234	0.7607983529800885	551131.0	8828.0
2020-12-15	73639542	41696562	1692579	0.8867664906603605	647271.0	13345.0
2020-12-17	75096946	42434191	1719993	0.9940871676280212	739181.0	13323.0
2021-01-07	88402136	49125603	1959982	0.9948887196313336	870839.0	15055.0
2021-01-10	90598523	50023661	1997796	0.6687357577389825	601840.0	8941.0
2021-01-14	93409890	51396412	2056610	0.8216232619946923	761223.0	15588.0
2021-01-17	95379938	52349804	2095253	0.5564195785015422	527776.0	9089.0
2021-01-22	98510412	54147168	2172232	0.6788831172316631	664261.0	16081.0
2021-01-23	99087798	54463661	2186850	0.5861167243925445	577386.0	14618.0
2021-02-04	105215449	58325870	2350625	0.4506468978778677	472023.0	12946.0
2021-02-06	106188323	58901714	2379783	0.4121388136576584	435847.0	11857.0
2021-02-07	106540137	59179149	2387143	0.3313113815725294	351814.0	7360.0
2021-02-10	107727017	60052899	2425448	0.4104106062502565	440316.0	14169.0
2021-02-11	108171909	60328984	2439315	0.4129808959622451	444892.0	13867.0
2021-02-17	110318342	61876216	2500087	0.3515915240236469	386511.0	11596.0
2021-02-21	111834482	62833943	2539343	0.2862855593805438	319252.0	6576.0
2021-02-24	112967480	63504602	2570562	0.3955095429273607	445037.0	12536.0
2021-02-26	113863138	63992562	2591996	0.3897564995682637	442066.0	10575.0
2021-02-28	114569813	64418461	2607029	0.27028035150545	308825.0	6338.0
2021-03-03	115630622	65132899	2636546	0.3838901347943597	442197.0	11774.0
2021-03-06	116953953	65846042	2665755	0.3556830141678557	414511.0	8270.0
2021-03-08	117632319	66358920	2678717	0.2594933525635484	304458.0	7025.0
2021-03-11	118995836	67129126	2709693	0.4137842436804124	490357.0	10236.0
2021-03-13	119941781	67650214	2728176	0.3817756671527001	456167.0	8592.0
2021-03-20	123283226	69523150	2793008	0.4065781756131394	499213.0	8783.0
2021-03-21	123722665	69803249	2801454	0.3564467075188314	439439.0	8446.0
2021-03-25	125931456	71098479	2843056	0.520446115645277	652012.0	11557.0
2021-03-29	128108148	72401542	2881882	0.3595542094355796	458968.0	8598.0
2021-03-30	128669690	72736785	2893798	0.4383343360798565	561542.0	11916.0
2021-04-01	130054616	73464080	2918988	0.5489499486484084	710037.0	12287.0
2021-04-02	130699335	73784287	2929619	0.4957294249363667	644719.0	10631.0
2021-04-05	132294751	74846289	2954562	0.3756908443237062	495159.0	8248.0
2021-04-06	132901342	75216285	2967002	0.4585147902050929	606591.0	12440.0
2021-04-07	133565619	75699590	2982385	0.4998271575015398	664277.0	15383.0
2021-04-09	135149458	76548562	3011092	0.5561540255926	747482.0	14372.0
2021-04-19	142583039	81374733	3130880	0.4860990720372083	689742.0	11100.0
2021-04-24	146943967	84344289	3202201	0.5643317553609201	824598.0	13122.0
2021-04-28	150098583	86843038	3255535	0.6022957459545665	898625.0	15978.0
2021-05-05	155684714	91626285	3349654	0.5440172066626865	842369.0	14877.0
2021-05-07	157392278	92998026	3378783	0.5333434169689575	834988.0	14521.0
2021-05-14	162394780	97754527	3468377	0.4390794672760167	709925.0	13000.0
2021-05-15	163026598	98397064	3480647	0.3890629982072084	631818.0	12270.0
2021-05-16	163573172	99064468	3490915	0.3352667642613753	546574.0	10268.0
2021-05-19	165408800	101250070	3529788	0.408407376344914	672794.0	13478.0
2021-05-21	166317397	102501547	3555935	0.3781003834012171	626478.0	12970.0
2021-05-23	167371567	103620279	3577194	0.2885282993697131	481525.0	9825.0
2021-06-02	172183117	109272023	3691980	0.2840179750577113	487646.0	11898.0
2021-06-03	172663902	109701213	3702144	0.2792288863024822	480785.0	10164.0
2021-06-06	173809303	111146371	3729461	0.1863112025259387	323224.0	7278.0
2021-06-07	174130990	111568368	3737520	0.1850804269090245	321687.0	8059.0
2021-06-08	174501789	111983104	3748170	0.2129425669721397	370799.0	10650.0
2021-06-11	175796382	113225020	3786030	0.2409475899946596	422559.0	11738.0
2021-06-19	178689527	116181692	3860570	0.1953924665986344	348465.0	8163.0
2021-07-04	184293366	120868181	3978382	0.1784169534596774	328225.0	6618.0
2021-07-09	186581412	122462949	4020050	0.2761863020272764	513893.0	8371.0
2021-07-10	187003460	122907153	4026651	0.2262004534513867	422048.0	6601.0
2021-07-12	187806270	123499875	4042328	0.2306888662082868	432251.0	8064.0
2021-07-15	189446635	124394119	4067943	0.3052075094815519	576446.0	8625.0
2021-08-02	199443161	130277533	4232852	0.2853521570876959	567496.0	8045.0
2021-08-07	202826624	0	4283820	0.2786188152646601	563543.0	8667.0
2021-08-14	207352369	0	4351807	0.2695277945285321	557370.0	8724.0
2021-08-15	207822568	0	4359219	0.2267632640358211	470199.0	7412.0
2021-09-02	219676549	0	4540913	0.3088206788238501	676318.0	11211.0
2021-09-06	221821940	0	4573840	0.2074649526530419	459250.0	8009.0
2021-09-13	225831661	0	4637341	0.2495499823564664	562160.0	9035.0
2021-09-15	226949475	0	4657706	0.2505314946950184	567159.0	10467.0
2021-09-19	229060019	0	4689794	0.1613548306652974	369004.0	6028.0
2021-09-22	230600342	0	4717094	0.2324114948358455	534699.0	9739.0
2021-09-24	231697328	0	4735665	0.2376277826018143	549272.0	8719.0
2021-09-25	232077347	0	4741180	0.1640152708191783	380019.0	5515.0
2021-09-28	233360421	0	4763667	0.193804849955325	451389.0	9396.0
2021-10-07	237360236	0	4833182	0.1947835986469091	461440.0	8919.0
2021-10-08	237836322	0	4840732	0.2005752977090906	476086.0	7550.0
2021-10-09	238183753	0	4845634	0.1460798742086164	347431.0	4902.0
2021-10-14	240229852	0	4881003	0.1891496239353348	453536.0	7955.0
2021-10-15	240688651	0	4888198	0.1909833420702436	458799.0	7195.0
2021-10-20	242678202	0	4921159	0.1966210169163686	476220.0	8677.0
2021-10-27	245704870	0	4971047	0.2099092927423896	514677.0	9145.0
2021-10-30	247078252	0	4993808	0.1597508250346925	394080.0	6066.0
2021-10-31	247441791	0	4998323	0.1471351675257926	363539.0	4515.0
2021-11-02	248267015	0	5011705	0.1630239686619708	404076.0	7155.0
2021-11-04	249311355	0	5027749	0.2089738246064939	519909.0	7607.0
2021-11-08	251104863	0	5054205	0.1879351213212498	471029.0	6575.0
2021-11-11	252670145	0	5078264	0.2065526061057375	520821.0	7681.0
2021-11-12	253268010	0	5087293	0.2366187742520985	597865.0	9029.0
2021-11-18	256359795	0	5130367	0.2430250109558292	621508.0	8384.0
2021-11-22	258498491	0	5156226	0.233257917932686	601565.0	7038.0
2021-11-27	261442001	0	5193759	0.185265064485187	483465.0	6156.0
2021-12-03	265243812	0	5242115	0.2757490540704594	729396.0	8551.0
2021-12-09	268888034	0	5286892	0.2599992826001375	697294.0	8565.0
2021-12-10	269581599	0	5294954	0.2579382167672065	693565.0	8062.0
2021-12-19	275139094	0	5354168	0.1865769033152726	512390.0	4415.0
2021-12-23	278549328	0	5386072	0.362736051661925	1006747.0	7249.0
2022-01-07	303883455	0	5480605	0.9782044340119356	2943805.0	7253.0
2022-01-15	326766141	0	5537758	0.7699974017889996	2496865.0	6404.0
2022-01-16	328944049	0	5542128	0.6665035714333695	2177908.0	4370.0
2022-01-20	343160300	0	5577247	1.0916051461037843	3705506.0	9688.0
2022-01-22	349785095	0	5593449	0.8037842027433654	2789099.0	6247.0
2022-01-29	373094973	0	5659104	0.7401117428371357	2741033.0	8044.0
2022-02-01	382058803	0	5688480	0.8341283025797649	3160498.0	13996.0
2022-02-03	388420043	0	5712365	0.8235438611517345	3172681.0	11709.0
2022-02-09	403196058	0	5776954	0.60851705186685	2438677.0	13293.0
2022-02-10	405975896	0	5788716	0.6894506890243456	2779838.0	11762.0
2022-02-25	433081005	0	5935378	0.3793769810861175	1636800.0	8853.0
2022-02-28	437015803	0	5954001	0.3118951305294043	1358793.0	7614.0
2022-03-08	449665818	0	6011475	0.3908763730148957	1750794.0	7266.0
2022-03-20	470647389	0	6078084	0.2278937055494332	1070137.0	3065.0
2022-03-24	477617482	0	6110404	0.3680402930485679	1751379.0	5260.0
2022-03-29	484968478	0	6133504	0.3618941605559511	1748744.0	4770.0
2022-04-04	492310289	0	6155027	0.184194244167352	905140.0	2926.0
2022-04-05	493669057	0	6159243	0.2759982942383721	1358768.0	4216.0
2022-04-14	502892186	0	6193401	0.1936467060222162	971952.0	3808.0
